{"HadGEM3": {"10xBCAsia": 0.1862014321913299, "3xCH4": 1.3944337475417492, "base": 0.0, "2xCO2": 3.6443402265271261, "10xBC_": 0.69508766968195967}, "HadGEM2": {"3xCH4": 0.98046148757061569, "base": 0.0, "2xCO2": 3.3675423935882272, "10xBC_": 1.1904042947367321}, "GISS": {"10xBCAsia": 0.23293366956233497, "3xCH4": 1.3487352402114872, "base": 0.0, "2xCO2": 4.0777284030395524, "10xBC_": 1.242169583406}, "NCAR-CESM1-CAM4": {"10xBCAsia": 0.20727077650988335, "3xCH4": 1.2664548614444699, "base": 0.0, "2xCO2": 3.6205764043320681, "10xBC_": 0.76383573757462386}, "CanESM2": {"3xCH4": 1.365746332717678, "base": 0.0, "2xCO2": 3.5884041442845569, "10xBC_": 1.5142581637699704}, "NCAR-CESM1-CAM5": {"10xBCAsia": 0.46247476229967965, "3xCH4": 0.8636255868889755, "base": 0.0, "2xCO2": 4.0797382720926318, "10xBC_": 0.41626587029748929}, "NorESM1": {"10xBCAsia": 0.038331395333416618, "3xCH4": 1.2423245473921334, "base": 0.0, "2xCO2": 3.4954278215135277, "10xBC_": 1.3987446739978826}, "MPI-ESM": {"3xCH4": 0.9537851298754827, "base": 0.0, "2xCO2": 4.1617769389091421}, "MIROC-SPRINTARS": {"10xBCAsia": 0.034260587303896028, "3xCH4": 0.78285923426005821, "base": 0.0, "2xCO2": 3.6360419179489578, "10xBC_": 0.63613530123519402}}