{"HadGEM3": {"10xBCAsia": -0.06993896466653382, "3xCH4": 2.2634639747227254, "base": 0.0, "2xCO2": 4.9672783963368374, "10xBC_": -0.42384340337547144}, "HadGEM2": {"3xCH4": 1.5452015287291232, "base": 0.0, "2xCO2": 4.2115286921120259, "10xBC_": -0.68031915230297102}, "GISS": {"10xBCAsia": -0.30729362412344585, "3xCH4": 1.8894090696008021, "base": 0.0, "2xCO2": 5.519402347695646, "10xBC_": -1.4367737261726603}, "NCAR-CESM1-CAM4": {"10xBCAsia": -0.47194954179553861, "3xCH4": 2.140173510055746, "base": 0.0, "2xCO2": 5.5100618189405708, "10xBC_": -2.087909947216275}, "CanESM2": {"3xCH4": 1.5066930436416186, "base": 0.0, "2xCO2": 4.9293560636504594, "10xBC_": -2.9450807031194302}, "NCAR-CESM1-CAM5": {"10xBCAsia": -0.010082094668163677, "3xCH4": 1.0627598908717175, "base": 0.0, "2xCO2": 5.895035665512097, "10xBC_": -1.1176677802952923}, "NorESM1": {"10xBCAsia": -0.60305886250718288, "3xCH4": 2.1751301794013216, "base": 0.0, "2xCO2": 5.2248330515103021, "10xBC_": -0.97367139089895716}, "MPI-ESM": {"3xCH4": 1.1315490368539685, "base": 0.0, "2xCO2": 6.013003005468974}, "MIROC-SPRINTARS": {"10xBCAsia": -0.7325832353051851, "3xCH4": 0.85276478728356153, "base": 0.0, "2xCO2": 5.3516966043716394, "10xBC_": -1.3514355037022767}}